,customer_id,P(churned),prediction
0,4716-MRVEN,0.04285714285714286,0
1,8966-KZXXA,0.031545741324921134,0
2,8720-RQSBJ,0.75,1
3,7504-UWHNB,0.35135135135135137,0
4,1730-VFMWO,0.1295843520782396,0
5,5297-MDOIR,0.1295843520782396,0
6,1273-MTETI,0.7035040431266847,1
7,4847-QNOKA,0.46564885496183206,0
8,2091-MJTFX,0.1295843520782396,0
9,0118-JPNOY,0.35135135135135137,0
10,3374-LXDEV,0.7035040431266847,1
11,1697-BCSHV,0.1295843520782396,0
12,3070-FNFZQ,0.031545741324921134,0
13,7586-ZATGZ,0.4984520123839009,0
14,7786-WBJYI,0.7035040431266847,1
15,9362-MWODR,0.1295843520782396,0
16,2391-IPLOP,0.1295843520782396,0
17,6656-JWRQX,0.46564885496183206,0
18,1623-NLDOT,0.1295843520782396,0
19,8908-NMQTX,0.031545741324921134,0
20,2789-HQBOU,0.7035040431266847,1
21,6289-CPNLD,0.1295843520782396,0
22,6064-ZATLR,0.031545741324921134,0
23,5269-NRGDP,0.1295843520782396,0
24,1428-GTBJJ,0.7035040431266847,1
25,8474-UMLNT,0.1295843520782396,0
26,9799-CAYJJ,0.49411764705882355,0
27,7302-ZHMHP,0.35714285714285715,0
28,4835-YSJMR,0.031545741324921134,0
29,9514-JDSKI,0.75,1
30,3842-IYKUE,0.4984520123839009,0
31,9830-ECLEN,0.1295843520782396,0
32,2696-ECXKC,0.24242424242424243,0
33,7061-OVMIM,0.04285714285714286,0
34,6258-NGCNG,0.04285714285714286,0
35,2692-AQCPF,0.24242424242424243,0
36,7973-DZRKH,0.031545741324921134,0
37,8337-MSSXB,0.7035040431266847,1
38,6893-ODYYE,0.1295843520782396,0
39,4976-LNFVV,0.1295843520782396,0
40,9903-LYSAB,0.49411764705882355,0
41,5469-NUJUR,0.031545741324921134,0
42,3768-VHXQO,0.031545741324921134,0
43,5918-VUKWP,0.04285714285714286,0
44,7394-LWLYN,0.8854961832061069,1
45,6227-FBDXH,0.24242424242424243,0
46,2581-VKIRT,0.1295843520782396,0
47,6030-REHUX,0.4984520123839009,0
48,1150-FTQGN,0.1295843520782396,0
49,0980-FEXWF,0.1295843520782396,0
50,8042-JVNFH,0.8854961832061069,1
51,6341-JVQGF,0.1295843520782396,0
52,7789-HKSBS,0.24242424242424243,0
53,2815-CPTUL,0.49411764705882355,0
54,6933-FHBZC,0.1295843520782396,0
55,7684-XSZIY,0.031545741324921134,0
56,5056-FIMPT,0.24242424242424243,0
57,1222-KJNZD,0.04285714285714286,0
58,7422-WNBTY,0.4984520123839009,0
59,6646-JPPHA,0.7035040431266847,1
60,7901-TBKJX,0.24074074074074073,0
61,0164-APGRB,0.031545741324921134,0
62,6870-ECSHE,0.35714285714285715,0
63,3683-QKIUE,0.3157894736842105,0
64,2511-ALLCS,0.031545741324921134,0
65,5022-JNQEQ,0.7035040431266847,1
66,8292-ITGYJ,0.031545741324921134,0
67,9253-VIFJQ,0.1295843520782396,0
68,0661-XEYAN,0.75,1
69,9796-BPKIW,0.49411764705882355,0
70,6408-WHTEF,0.031545741324921134,0
71,9617-INGJY,0.8854961832061069,1
72,5989-PGKJB,0.7035040431266847,1
73,9661-JALZV,0.031545741324921134,0
74,0270-THENM,0.031545741324921134,0
75,8966-SNIZF,0.031545741324921134,0
76,6368-TZZDT,0.08333333333333333,0
77,4385-GZQXV,0.35135135135135137,0
78,5453-AXEPF,0.7035040431266847,1
79,9761-XUJWD,0.46564885496183206,0
80,6650-BWFRT,0.031545741324921134,0
81,8885-QSQBX,0.46564885496183206,0
82,6103-BOCOU,0.4984520123839009,0
83,3466-RITXD,0.4984520123839009,0
84,3583-KRKMD,0.7035040431266847,1
85,6906-MPARY,0.1295843520782396,0
86,8336-TAVKX,0.031545741324921134,0
87,2722-VOJQL,0.24242424242424243,0
88,6727-IOTLZ,0.031545741324921134,0
89,5834-ASPWA,0.8854961832061069,1
90,1612-EOHDH,0.46564885496183206,0
91,4631-OACRM,0.7035040431266847,1
92,9770-KXGQU,0.1295843520782396,0
93,4988-IQIGL,0.8854961832061069,1
94,4290-BSXUX,0.7035040431266847,1
95,5073-WXOYN,0.1295843520782396,0
96,6425-JWTDV,0.031545741324921134,0
97,5913-INRQV,0.1295843520782396,0
98,7551-DACSP,0.3157894736842105,0
99,9992-UJOEL,0.46564885496183206,0
100,6007-TCTST,0.031545741324921134,0
101,5176-LMJXE,0.031545741324921134,0
102,2834-JKOOW,0.1295843520782396,0
103,7766-CLTIC,0.1295843520782396,0
104,9728-FTTVZ,0.8854961832061069,1
105,6328-ZPBGN,0.7035040431266847,1
106,0420-BWTPW,0.04285714285714286,0
107,8118-TJAFG,0.7035040431266847,1
108,3985-HOYPM,0.04285714285714286,0
109,0239-OXEXL,0.4984520123839009,0
110,4753-PADAS,0.24242424242424243,0
111,3658-KIBGF,0.46564885496183206,0
112,9470-XCCEM,0.4984520123839009,0
113,5753-QQWPW,0.1295843520782396,0
114,4365-MSDYN,0.04285714285714286,0
115,5850-BDWCY,0.04285714285714286,0
116,7826-VVKWT,0.031545741324921134,0
117,3692-JHONH,0.24242424242424243,0
118,5550-VFRLC,0.8854961832061069,1
119,0048-LUMLS,0.1295843520782396,0
120,0302-JOIVN,0.7035040431266847,1
121,8099-MZPUJ,0.031545741324921134,0
122,2519-ERQOJ,0.1295843520782396,0
123,9274-UARKJ,0.7035040431266847,1
124,4115-BNPJY,0.031545741324921134,0
125,1779-PWPMG,0.031545741324921134,0
126,4529-CKBCL,0.7035040431266847,1
127,9497-QCMMS,0.8854961832061069,1
128,9057-SIHCH,0.7035040431266847,1
129,6145-NNPNO,0.46564885496183206,0
130,5600-PDUJF,0.3157894736842105,0
131,6270-OMFIW,0.1295843520782396,0
132,3316-UWXUY,0.35135135135135137,0
133,7321-KKSDU,0.031545741324921134,0
134,8878-HMWBV,0.46564885496183206,0
135,2684-EIWEO,0.4984520123839009,0
136,4547-FZJWE,0.1295843520782396,0
137,4750-UKWJK,0.04285714285714286,0
138,1902-XBTFB,0.35135135135135137,0
139,5324-KTGCG,0.04285714285714286,0
140,8714-EUHJO,0.4984520123839009,0
141,1472-TNCWL,0.35135135135135137,0
142,3932-CMDTD,0.46564885496183206,0
143,5727-MYATE,0.031545741324921134,0
144,6008-NAIXK,0.1295843520782396,0
145,9506-UXUSK,0.49411764705882355,0
146,1042-HFUCW,0.1295843520782396,0
147,4237-CLSMM,0.35714285714285715,0
148,4588-YBNIB,0.35714285714285715,0
149,0940-OUQEC,0.7035040431266847,1
150,9095-HFAFX,0.7035040431266847,1
151,1400-MMYXY,0.7035040431266847,1
152,3999-QGRJH,0.49411764705882355,0
153,7169-YWAMK,0.031545741324921134,0
154,7831-QGOXH,0.4984520123839009,0
155,9432-RUVSL,0.031545741324921134,0
156,1184-PJVDB,0.7035040431266847,1
157,7534-BFESC,0.4984520123839009,0
158,6439-PKTRR,0.031545741324921134,0
159,8309-PPCED,0.031545741324921134,0
160,6898-RBTLU,0.031545741324921134,0
161,9692-TUSXH,0.35135135135135137,0
162,5996-EBTKM,0.031545741324921134,0
163,3737-XBQDD,0.4984520123839009,0
164,9943-VSZUV,0.24074074074074073,0
165,6818-DJXAA,0.7035040431266847,1
166,7537-RBWEA,0.46564885496183206,0
167,9269-CQOOL,0.46564885496183206,0
168,8740-CRYFY,0.8854961832061069,1
169,9053-EJUNL,0.4984520123839009,0
170,9974-JFBHQ,0.24074074074074073,0
171,3858-XHYJO,0.24242424242424243,0
172,5168-MQQCA,0.24242424242424243,0
173,8065-BVEPF,0.24074074074074073,0
174,0221-WMXNQ,0.7035040431266847,1
175,2545-LXYVJ,0.031545741324921134,0
176,1009-IRMNA,0.04285714285714286,0
177,0164-XAIRP,0.031545741324921134,0
178,0431-APWVY,0.1295843520782396,0
179,7337-CINUD,0.031545741324921134,0
180,2277-DJJDL,0.24074074074074073,0
181,6918-UMQCG,0.7035040431266847,1
182,8992-VONJD,0.1295843520782396,0
183,6384-VMJHP,0.031545741324921134,0
184,1389-WNUIB,0.1295843520782396,0
185,1196-AMORA,0.49411764705882355,0
186,9242-TKFSV,0.031545741324921134,0
187,2307-FYNNL,0.031545741324921134,0
188,1905-OEILC,0.35714285714285715,0
189,4826-DXMUP,0.1295843520782396,0
190,7964-ZRKKG,0.1295843520782396,0
191,9522-ZSINC,0.04285714285714286,0
192,8313-NDOIA,0.4984520123839009,0
193,8050-DVOJX,0.031545741324921134,0
194,7010-BRBUU,0.031545741324921134,0
195,1963-SVUCV,0.46564885496183206,0
196,8920-NAVAY,0.24242424242424243,0
197,0396-YCHWO,0.4984520123839009,0
198,1984-FCOWB,0.24242424242424243,0
199,6305-YLBMM,0.24242424242424243,0
200,9824-QCJPK,0.04285714285714286,0
201,1322-AGOQM,0.1295843520782396,0
202,3230-WYKIR,0.1295843520782396,0
203,9873-MNDKV,0.1295843520782396,0
204,9862-KJTYK,0.04285714285714286,0
205,0411-EZJZE,0.46564885496183206,0
206,2977-CEBSX,0.031545741324921134,0
207,7129-CAKJW,0.7035040431266847,1
208,0376-YMCJC,0.4984520123839009,0
209,8165-CBKXO,0.031545741324921134,0
210,0454-OKRCT,0.031545741324921134,0
211,1360-JYXKQ,0.1295843520782396,0
212,3057-VJJQE,0.031545741324921134,0
213,6543-XRMYR,0.4984520123839009,0
214,9921-EZKBY,0.4984520123839009,0
215,2808-CHTDM,0.031545741324921134,0
216,0742-LAFQK,0.031545741324921134,0
217,7089-RKVSZ,0.04285714285714286,0
218,7404-JLKQG,0.46564885496183206,0
219,3522-CDKHF,0.35135135135135137,0
220,8566-YPRGL,0.35714285714285715,0
221,3346-BRMIS,0.1295843520782396,0
222,2284-VFLKH,0.24242424242424243,0
223,8777-MBMTS,0.031545741324921134,0
224,4291-HPAXL,0.35714285714285715,0
225,3030-YDNRM,0.7035040431266847,1
226,0531-ZZJWQ,0.24074074074074073,0
227,4636-OLWOE,0.1295843520782396,0
228,5960-MVTUK,0.46564885496183206,0
229,1589-AGTLK,0.46564885496183206,0
230,1862-QRWPE,0.031545741324921134,0
231,3638-VBZTA,0.031545741324921134,0
232,7277-KAMWT,0.031545741324921134,0
233,9838-BFCQT,0.031545741324921134,0
234,5002-GCQFH,0.4984520123839009,0
235,2675-OTVVJ,0.4984520123839009,0
236,4139-DETXS,0.031545741324921134,0
237,9167-APMXZ,0.4984520123839009,0
238,5619-PTMIK,0.1295843520782396,0
239,4385-ZKVNW,0.1295843520782396,0
240,6119-SPUDB,0.031545741324921134,0
241,0699-NDKJM,0.1295843520782396,0
242,0867-LDTTC,0.46564885496183206,0
243,7080-TNUWP,0.1295843520782396,0
244,8922-NPKBJ,0.031545741324921134,0
245,3945-GFWQL,0.1295843520782396,0
246,4083-EUGRJ,0.04285714285714286,0
247,8513-OLYGY,0.031545741324921134,0
248,5146-YYFRZ,0.031545741324921134,0
249,2907-ILJBN,0.04285714285714286,0
250,1597-FZREH,0.46564885496183206,0
251,7812-FZHPE,0.04285714285714286,0
252,6919-ELBGL,0.031545741324921134,0
253,7312-XSBAT,0.46564885496183206,0
254,1891-QRQSA,0.031545741324921134,0
255,5155-AZQPB,0.1295843520782396,0
256,9039-RBEEE,0.1295843520782396,0
257,8413-VONUO,0.7035040431266847,1
258,6402-SSEJG,0.1295843520782396,0
259,6322-PJJDJ,0.031545741324921134,0
260,7966-YOTQW,0.1295843520782396,0
261,1088-CNNKB,0.1295843520782396,0
262,3831-YCPUO,0.031545741324921134,0
263,2672-TGEFF,0.4984520123839009,0
264,0354-WYROK,0.35135135135135137,0
265,1684-FLBGS,0.1295843520782396,0
266,7654-YWJUF,0.1295843520782396,0
267,1814-DKOLC,0.46564885496183206,0
268,2777-PHDEI,0.8854961832061069,1
269,0017-IUDMW,0.031545741324921134,0
270,3521-MNKLV,0.1295843520782396,0
271,9501-UKKNL,0.1295843520782396,0
272,1760-CAZHT,0.04285714285714286,0
273,9507-EXLTT,0.8854961832061069,1
274,0733-VUNUW,0.1295843520782396,0
275,3063-QFSZL,0.46564885496183206,0
276,4940-KHCWD,0.031545741324921134,0
277,3481-JHUZH,0.4984520123839009,0
278,8262-COGGB,0.35714285714285715,0
279,6479-VDGRK,0.031545741324921134,0
280,0208-BPQEJ,0.04285714285714286,0
281,3413-CSSTH,0.1295843520782396,0
282,0823-HSCDJ,0.1295843520782396,0
283,3758-CKOQL,0.24242424242424243,0
284,2038-OEQZH,0.7035040431266847,1
285,5136-RGMZO,0.1295843520782396,0
286,9279-CJEOJ,0.4984520123839009,0
287,0259-GBZSH,0.7035040431266847,1
288,0519-XUZJU,0.8854961832061069,1
289,4302-ZYFEL,0.04285714285714286,0
290,5103-MHMHY,0.46564885496183206,0
291,7244-QWYHG,0.1295843520782396,0
292,2073-QBVBI,0.1295843520782396,0
293,2732-ISEZX,0.08333333333333333,0
294,4501-VCPFK,0.1295843520782396,0
295,7550-WIQVA,0.24242424242424243,0
296,6347-DCUIK,0.49411764705882355,0
297,5035-BVCXS,0.7035040431266847,1
298,1346-PJWTK,0.24074074074074073,0
299,3771-PZOBW,0.4984520123839009,0
300,6972-SNKKW,0.04285714285714286,0
301,3458-IDMFK,0.031545741324921134,0
302,4280-DLSHD,0.1295843520782396,0
303,6013-BHCAW,0.031545741324921134,0
304,2606-PKWJB,0.1295843520782396,0
305,3070-BDOQC,0.031545741324921134,0
306,4282-YMKNA,0.7035040431266847,1
307,3658-QQJYD,0.1295843520782396,0
308,2379-ENZGV,0.7035040431266847,1
309,5835-BEQEU,0.7035040431266847,1
310,1624-NALOJ,0.7035040431266847,1
311,8963-MQVYN,0.04285714285714286,0
312,4359-INNWN,0.04285714285714286,0
313,8808-ELEHO,0.7035040431266847,1
314,1360-XFJMR,0.24242424242424243,0
315,0734-OXWBT,0.46564885496183206,0
316,8706-HRADD,0.1295843520782396,0
317,7207-RMRDB,0.24074074074074073,0
318,6647-ZEDXT,0.24242424242424243,0
319,8384-FZBJK,0.24074074074074073,0
320,4510-PYUSH,0.1295843520782396,0
321,5197-LQXXH,0.031545741324921134,0
322,2592-YKDIF,0.35714285714285715,0
323,7469-LKBCI,0.031545741324921134,0
324,5630-IXDXV,0.4984520123839009,0
325,6728-CZFEI,0.1295843520782396,0
326,3551-HUAZH,0.8854961832061069,1
327,3655-SNQYZ,0.031545741324921134,0
328,3106-ULWFW,0.7035040431266847,1
329,1177-XZBJL,0.1295843520782396,0
330,7295-JOMMD,0.7035040431266847,1
331,5846-NEQVZ,0.031545741324921134,0
332,0931-MHTEM,0.24242424242424243,0
333,0617-AQNWT,0.031545741324921134,0
334,7794-JASDG,0.46564885496183206,0
335,8782-LKFPK,0.4984520123839009,0
336,7945-HLKEA,0.1295843520782396,0
337,9117-SHLZX,0.46564885496183206,0
338,7139-JZFVG,0.031545741324921134,0
339,8652-YHIYU,0.1295843520782396,0
340,9919-FZDED,0.031545741324921134,0
341,9462-MJUAW,0.46564885496183206,0
342,4030-VPZBD,0.46564885496183206,0
343,3878-AVSOQ,0.8854961832061069,1
344,6581-NQCBA,0.1295843520782396,0
345,9845-PEEKO,0.031545741324921134,0
346,8597-CTXVJ,0.1295843520782396,0
347,4482-EWFMI,0.49411764705882355,0
348,5597-GLBUC,0.8854961832061069,1
349,1925-TIBLE,0.7035040431266847,1
350,4622-YNKIJ,0.031545741324921134,0
351,9618-LFJRU,0.08333333333333333,0
352,2454-RPBRZ,0.7035040431266847,1
353,5887-IKKYO,0.031545741324921134,0
354,8999-EXMNO,0.031545741324921134,0
355,3654-ARMGP,0.031545741324921134,0
356,7471-MQPOS,0.1295843520782396,0
357,8597-CWYHH,0.1295843520782396,0
358,2969-VAPYH,0.1295843520782396,0
359,6275-YDUVO,0.7035040431266847,1
360,9688-YGXVR,0.35135135135135137,0
361,2479-BRAMR,0.4984520123839009,0
362,0925-VYDLG,0.7035040431266847,1
363,6807-SIWJI,0.24242424242424243,0
364,4824-GUCBY,0.35135135135135137,0
365,0673-IGUQO,0.35714285714285715,0
366,8091-TTVAX,0.24242424242424243,0
367,3546-GHEAE,0.031545741324921134,0
368,4776-XSKYQ,0.1295843520782396,0
369,3001-UNBTL,0.4984520123839009,0
370,2810-FTLEM,0.1295843520782396,0
371,8309-IEYJD,0.8854961832061069,1
372,3913-RDSJZ,0.031545741324921134,0
373,7601-GNDYK,0.031545741324921134,0
374,6969-MVBAI,0.7035040431266847,1
375,2257-BOVXD,0.1295843520782396,0
376,7740-BTPUX,0.031545741324921134,0
377,9065-ZCPQX,0.031545741324921134,0
378,7593-JNWRU,0.3157894736842105,0
379,3308-MHOOC,0.35714285714285715,0
380,2205-LPVGL,0.1295843520782396,0
381,5844-QVTAT,0.1295843520782396,0
382,7401-RUBNK,0.7035040431266847,1
383,2275-RBYQS,0.46564885496183206,0
384,6265-FRMTQ,0.031545741324921134,0
385,0212-ISBBF,0.1295843520782396,0
386,4315-MURBD,0.7035040431266847,1
387,5089-IFSDP,0.031545741324921134,0
388,3419-SNJJD,0.24074074074074073,0
389,9058-CBREO,0.75,1
390,4906-ZHGPK,0.1295843520782396,0
391,7162-WPHPM,0.031545741324921134,0
392,2703-AMTUL,0.1295843520782396,0
393,9140-CZQZZ,0.031545741324921134,0
394,7049-GKVZY,0.1295843520782396,0
395,7951-VRDVK,0.1295843520782396,0
396,9436-ZBZCT,0.7035040431266847,1
397,3794-NFNCH,0.1295843520782396,0
398,5997-OPVFA,0.031545741324921134,0
399,3092-IGHWF,0.1295843520782396,0
400,5954-BDFSG,0.031545741324921134,0
401,6217-KDYWC,0.031545741324921134,0
402,3739-YBWAB,0.1295843520782396,0
403,7558-IMLMT,0.031545741324921134,0
404,3378-AJRAO,0.04285714285714286,0
405,4255-DDUOU,0.35714285714285715,0
406,7660-HDPJV,0.8854961832061069,1
407,2889-FPWRM,0.24242424242424243,0
408,6400-BWQKW,0.7035040431266847,1
409,7508-SMHXL,0.7035040431266847,1
410,3572-UUHRS,0.04285714285714286,0
411,3956-CJUST,0.35135135135135137,0
412,3043-SUDUA,0.04285714285714286,0
413,4080-OGPJL,0.1295843520782396,0
414,5397-TUPSH,0.1295843520782396,0
415,1707-HABPF,0.1295843520782396,0
416,9530-GRMJG,0.031545741324921134,0
417,4191-XOVOM,0.24074074074074073,0
418,3992-YWPKO,0.7035040431266847,1
419,0420-TXVSG,0.031545741324921134,0
420,6968-URWQU,0.1295843520782396,0
421,6959-GQEGV,0.1295843520782396,0
422,7188-CBBBA,0.1295843520782396,0
423,3509-GWQGF,0.35135135135135137,0
424,7598-UAASY,0.7035040431266847,1
425,9424-CMPOG,0.031545741324921134,0
426,5590-ZSKRV,0.1295843520782396,0
427,4390-KYULV,0.08333333333333333,0
428,9231-ZJYAM,0.7035040431266847,1
429,7115-IRDHS,0.031545741324921134,0
430,7552-KEYGT,0.031545741324921134,0
431,3590-TCXTB,0.35714285714285715,0
432,4710-NKCAW,0.46564885496183206,0
433,8024-XNAFQ,0.031545741324921134,0
434,3354-OADJP,0.1295843520782396,0
435,9755-JHNMN,0.031545741324921134,0
436,3071-VBYPO,0.7035040431266847,1
437,1060-ENTOF,0.24242424242424243,0
438,7167-PCEYD,0.031545741324921134,0
439,5778-BVOFB,0.1295843520782396,0
440,4418-LZMSV,0.1295843520782396,0
441,5387-ASZNZ,0.1295843520782396,0
442,3803-KMQFW,0.35714285714285715,0
443,1658-TJVOA,0.49411764705882355,0
444,9548-LERKT,0.031545741324921134,0
445,2817-LVCPP,0.031545741324921134,0
446,4257-GAESD,0.3157894736842105,0
447,0696-UKTOX,0.1295843520782396,0
448,9391-TTOYH,0.04285714285714286,0
449,1112-CUNAO,0.7035040431266847,1
450,9108-EJFJP,0.46564885496183206,0
451,4998-IKFSE,0.4984520123839009,0
452,6350-XFYGW,0.7035040431266847,1
453,8197-BFWVU,0.031545741324921134,0
454,7028-DVOIQ,0.4984520123839009,0
455,5522-NYKPB,0.35135135135135137,0
456,6479-OAUSD,0.04285714285714286,0
457,0979-PHULV,0.24074074074074073,0
458,8734-DKSTZ,0.7035040431266847,1
459,0847-HGRML,0.031545741324921134,0
460,3716-LRGXK,0.031545741324921134,0
461,1897-OKVMW,0.031545741324921134,0
462,2968-SSGAA,0.7035040431266847,1
463,4002-BQWPQ,0.1295843520782396,0
464,3317-VLGQT,0.7035040431266847,1
465,1853-UDXBW,0.8854961832061069,1
466,0608-JDVEC,0.031545741324921134,0
467,5364-XYIRR,0.4984520123839009,0
468,3810-PJUHR,0.031545741324921134,0
469,8190-ZTQFB,0.1295843520782396,0
470,7753-USQYQ,0.1295843520782396,0
471,2722-JMONI,0.75,1
472,6961-MJKBO,0.031545741324921134,0
473,7799-LGRDP,0.031545741324921134,0
474,6029-CSMJE,0.04285714285714286,0
475,8805-JNRAZ,0.46564885496183206,0
476,1265-ZFOSD,0.031545741324921134,0
477,0541-FITGH,0.46564885496183206,0
478,8404-VIOMB,0.031545741324921134,0
479,4329-YPDDQ,0.35135135135135137,0
480,0623-IIHUG,0.1295843520782396,0
481,3865-QBWSJ,0.4984520123839009,0
482,6344-SFJVH,0.04285714285714286,0
483,7554-AKDQF,0.3157894736842105,0
484,6906-ANDWJ,0.7035040431266847,1
485,3717-LNXKW,0.4984520123839009,0
486,8263-QMNTJ,0.031545741324921134,0
487,6458-CYIDZ,0.7035040431266847,1
488,5057-RKGLH,0.031545741324921134,0
489,5115-SQAAU,0.031545741324921134,0
490,5622-UEJFI,0.031545741324921134,0
491,5329-KRDTM,0.031545741324921134,0
492,6461-PPAXN,0.1295843520782396,0
493,4452-QIIEB,0.3157894736842105,0
494,6818-WOBHJ,0.24074074074074073,0
495,7779-ORAEL,0.031545741324921134,0
496,6169-PPETC,0.031545741324921134,0
497,2848-YXSMW,0.031545741324921134,0
498,6061-GWWAV,0.1295843520782396,0
499,0218-QNVAS,0.24242424242424243,0
500,8608-OZTLB,0.1295843520782396,0
501,8728-SKJLR,0.35135135135135137,0
502,8901-UPRHR,0.031545741324921134,0
503,0013-SMEOE,0.031545741324921134,0
504,6519-CFDBX,0.46564885496183206,0
505,4488-PSYCG,0.04285714285714286,0
506,6849-OYAMU,0.24242424242424243,0
507,3932-IJWDZ,0.4984520123839009,0
508,5135-RDDQL,0.031545741324921134,0
509,1169-WCVAK,0.4984520123839009,0
510,0742-MOABM,0.46564885496183206,0
511,4698-KVLLG,0.031545741324921134,0
512,1661-CZBAU,0.1295843520782396,0
513,8644-XYTSV,0.1295843520782396,0
514,3714-NTNFO,0.4984520123839009,0
515,0953-LGOVU,0.1295843520782396,0
516,0464-WJTKO,0.031545741324921134,0
517,8593-WHYHV,0.7035040431266847,1
518,7989-CHGTL,0.35714285714285715,0
519,7998-ZLXWN,0.04285714285714286,0
520,4957-TREIR,0.46564885496183206,0
521,7501-VTYLJ,0.46564885496183206,0
522,0447-BEMNG,0.1295843520782396,0
523,0637-YLETY,0.4984520123839009,0
524,2476-YGEFM,0.4984520123839009,0
525,5949-HGVJL,0.1295843520782396,0
526,5939-XAIXZ,0.1295843520782396,0
527,9847-HNVGP,0.04285714285714286,0
528,4576-CSAJH,0.1295843520782396,0
529,4747-LCAQL,0.1295843520782396,0
530,7595-EHCDL,0.1295843520782396,0
531,4003-OCTMP,0.1295843520782396,0
532,7617-EYGLW,0.35714285714285715,0
533,6447-EGDIV,0.04285714285714286,0
534,2796-NNUFI,0.031545741324921134,0
535,6362-QHAFM,0.24242424242424243,0
536,6838-HVLXG,0.04285714285714286,0
537,8205-VSLRB,0.031545741324921134,0
538,2276-YDAVZ,0.7035040431266847,1
539,1839-FBNFR,0.031545741324921134,0
540,9386-LDCZR,0.1295843520782396,0
541,3512-IZIKN,0.031545741324921134,0
542,9675-ICXCT,0.031545741324921134,0
543,3003-CMDUU,0.35135135135135137,0
544,6469-QJKZW,0.08333333333333333,0
545,3387-VATUS,0.7035040431266847,1
546,5628-FCGYG,0.4984520123839009,0
547,5244-IRFIH,0.4984520123839009,0
548,9092-GDZKO,0.04285714285714286,0
549,6410-LEFEN,0.1295843520782396,0
550,8606-CIQUL,0.031545741324921134,0
551,4742-DRORA,0.1295843520782396,0
552,7190-XHTWJ,0.04285714285714286,0
553,9739-JLPQJ,0.031545741324921134,0
554,6745-JEFZB,0.4984520123839009,0
555,5939-SXWHM,0.031545741324921134,0
556,0602-DDUML,0.031545741324921134,0
557,3132-TVFDZ,0.1295843520782396,0
558,9734-YWGEX,0.7035040431266847,1
559,5951-AOFIH,0.1295843520782396,0
560,0030-FNXPP,0.08333333333333333,0
561,9229-RQABD,0.04285714285714286,0
562,0394-YONDK,0.031545741324921134,0
563,6513-EECDB,0.8854961832061069,1
564,3295-YVUSR,0.49411764705882355,0
565,8450-UYIBU,0.1295843520782396,0
566,9170-CCKOU,0.7035040431266847,1
567,8260-NGFNY,0.46564885496183206,0
568,8430-TWCBX,0.04285714285714286,0
569,4902-OHLSK,0.4984520123839009,0
570,5562-YJQGT,0.35714285714285715,0
571,3156-QLHBO,0.08333333333333333,0
572,5501-TVMGM,0.46564885496183206,0
573,9668-PUGNU,0.031545741324921134,0
574,4686-GEFRM,0.031545741324921134,0
575,7690-KPNCU,0.1295843520782396,0
576,6176-YJWAS,0.031545741324921134,0
577,6685-XSHHU,0.031545741324921134,0
578,9650-VBUOG,0.031545741324921134,0
579,9391-DXGGG,0.1295843520782396,0
580,5975-BAICR,0.1295843520782396,0
581,8058-DMYRU,0.24074074074074073,0
582,6015-VVHHE,0.7035040431266847,1
583,4840-ORQXB,0.24074074074074073,0
584,2252-NKNSI,0.031545741324921134,0
585,5144-TVGLP,0.4984520123839009,0
586,6475-VHUIZ,0.1295843520782396,0
587,1270-XKUCC,0.031545741324921134,0
588,8012-SOUDQ,0.4984520123839009,0
589,6859-RKMZJ,0.1295843520782396,0
590,9878-TNQGW,0.7035040431266847,1
591,3312-ZWLGF,0.4984520123839009,0
592,6235-VDHOM,0.75,1
593,0750-EBAIU,0.1295843520782396,0
594,7663-YJHSN,0.031545741324921134,0
595,9150-HEPMB,0.1295843520782396,0
596,4039-HEUNW,0.4984520123839009,0
597,3165-HDOEW,0.46564885496183206,0
598,1469-LBJQJ,0.24074074074074073,0
599,8519-QJGJD,0.7035040431266847,1
600,5931-FLJJF,0.49411764705882355,0
601,5730-RIITO,0.1295843520782396,0
602,5473-KHBPS,0.1295843520782396,0
603,1895-QTKDO,0.46564885496183206,0
604,3387-PLKUI,0.04285714285714286,0
605,5669-SRAIP,0.46564885496183206,0
606,8158-WPEZG,0.1295843520782396,0
607,0906-QVPMS,0.031545741324921134,0
608,6683-VLCTZ,0.4984520123839009,0
609,8084-OIVBS,0.04285714285714286,0
610,8665-UTDHZ,0.46564885496183206,0
611,5371-VYLSX,0.4984520123839009,0
612,8167-GJLRN,0.46564885496183206,0
613,6734-GMPVK,0.7035040431266847,1
614,9227-YBAXE,0.031545741324921134,0
615,5756-JYOJT,0.1295843520782396,0
616,0057-QBUQH,0.031545741324921134,0
617,7613-LLQFO,0.7035040431266847,1
618,6100-FJZDG,0.04285714285714286,0
619,3923-CSIHK,0.35135135135135137,0
620,4587-NUKOX,0.7035040431266847,1
621,3808-HFKDE,0.1295843520782396,0
622,5696-CEIQJ,0.031545741324921134,0
623,0757-WCUUZ,0.031545741324921134,0
624,8550-XSXUQ,0.1295843520782396,0
625,6956-SMUCM,0.7035040431266847,1
626,4854-SSLTN,0.46564885496183206,0
627,2223-GDSHL,0.031545741324921134,0
628,8266-VBFQL,0.7035040431266847,1
629,6797-LNAQX,0.031545741324921134,0
630,4877-TSOFF,0.1295843520782396,0
631,1125-SNVCK,0.1295843520782396,0
632,9530-EHPOH,0.1295843520782396,0
633,4817-VYYWS,0.4984520123839009,0
634,7722-CVFXN,0.24242424242424243,0
635,2667-WYLWJ,0.04285714285714286,0
636,3727-RJMEO,0.7035040431266847,1
637,0468-YRPXN,0.35135135135135137,0
638,0193-ESZXP,0.24242424242424243,0
639,2074-GKOWZ,0.7035040431266847,1
640,0191-ZHSKZ,0.1295843520782396,0
641,3703-KBKZP,0.7035040431266847,1
642,3254-YRILK,0.4984520123839009,0
643,9824-BEMCV,0.49411764705882355,0
644,3724-UCSHY,0.04285714285714286,0
645,2138-VFAPZ,0.031545741324921134,0
646,5519-TEEUH,0.04285714285714286,0
647,2115-BFTIW,0.35135135135135137,0
648,2232-DMLXU,0.46564885496183206,0
649,0578-SKVMF,0.35135135135135137,0
650,1746-TGTWV,0.8854961832061069,1
651,3398-ZOUAA,0.49411764705882355,0
652,1965-DDBWU,0.7035040431266847,1
653,0835-JKADZ,0.031545741324921134,0
654,4312-GVYNH,0.031545741324921134,0
655,7969-AULMZ,0.4984520123839009,0
656,5673-FSSMF,0.46564885496183206,0
657,0907-HQNTS,0.031545741324921134,0
658,9774-NRNAU,0.1295843520782396,0
659,2996-XAUVF,0.031545741324921134,0
660,4821-WQOYN,0.031545741324921134,0
661,4119-ZYPZY,0.031545741324921134,0
662,7434-SHXLS,0.46564885496183206,0
663,9643-AVVWI,0.7035040431266847,1
664,3038-PQIUY,0.1295843520782396,0
665,8637-XJIVR,0.7035040431266847,1
666,6357-JJPQT,0.7035040431266847,1
667,0247-SLUJI,0.35714285714285715,0
668,1229-RCALF,0.24242424242424243,0
669,1498-DQNRX,0.04285714285714286,0
670,3841-NFECX,0.031545741324921134,0
671,4719-UMSIY,0.04285714285714286,0
672,7245-JMTTQ,0.24242424242424243,0
673,4662-EKDPQ,0.46564885496183206,0
674,9577-WJVCQ,0.1295843520782396,0
675,1241-FPMOF,0.031545741324921134,0
676,9631-XEYKE,0.46564885496183206,0
677,5181-OABFK,0.031545741324921134,0
678,8065-YKXKD,0.7035040431266847,1
679,9392-XBGTD,0.031545741324921134,0
680,3026-ATZYV,0.1295843520782396,0
681,1755-RMCXH,0.08333333333333333,0
682,3221-CJMSG,0.1295843520782396,0
683,5062-CJJKH,0.1295843520782396,0
684,7623-TRNQN,0.46564885496183206,0
685,7815-PDTHL,0.031545741324921134,0
686,3896-RCYYE,0.1295843520782396,0
687,4847-TAJYI,0.7035040431266847,1
688,5075-JSDKI,0.031545741324921134,0
689,5018-GWURO,0.24074074074074073,0
690,5649-ANRML,0.7035040431266847,1
691,2439-QKJUL,0.08333333333333333,0
692,1866-RZZQS,0.4984520123839009,0
693,1448-CYWKC,0.24242424242424243,0
694,6899-PPEEA,0.4984520123839009,0
695,9134-WYRVP,0.1295843520782396,0
696,7517-LDMPS,0.7035040431266847,1
697,1357-BIJKI,0.1295843520782396,0
698,5759-RCVCB,0.46564885496183206,0
699,4176-RELJR,0.031545741324921134,0
700,3566-CAAYU,0.031545741324921134,0
701,1187-WILMM,0.031545741324921134,0
702,9581-GVBXT,0.1295843520782396,0
703,8668-KNZTI,0.1295843520782396,0
704,7450-NWRTR,0.7035040431266847,1
705,7602-DBTOU,0.031545741324921134,0
706,3096-WPXBT,0.24242424242424243,0
707,9637-EIHEQ,0.46564885496183206,0
708,6141-OOXUQ,0.35714285714285715,0
709,2498-XLDZR,0.031545741324921134,0
710,0567-XRHCU,0.031545741324921134,0
711,3858-VOBET,0.4984520123839009,0
712,1563-IWQEX,0.04285714285714286,0
713,8570-KLJYJ,0.1295843520782396,0
714,6100-QQHEB,0.4984520123839009,0
715,0082-LDZUE,0.46564885496183206,0
716,7683-CBDKJ,0.1295843520782396,0
717,7363-QTBIW,0.7035040431266847,1
718,0206-TBWLC,0.24242424242424243,0
719,6617-WLBQC,0.1295843520782396,0
720,0224-RLWWD,0.75,1
721,4549-ZDQYY,0.1295843520782396,0
722,4238-JSSWH,0.4984520123839009,0
723,0021-IKXGC,0.8854961832061069,1
724,3786-WOVKF,0.24242424242424243,0
725,2725-TTRIQ,0.031545741324921134,0
726,4531-AUZNK,0.1295843520782396,0
727,8397-MVTAZ,0.4984520123839009,0
728,2190-BCXEC,0.4984520123839009,0
729,8461-EFQYM,0.04285714285714286,0
730,0661-WCQNQ,0.1295843520782396,0
731,4707-MAXGU,0.031545741324921134,0
732,0485-ZBSLN,0.031545741324921134,0
733,2146-EGVDT,0.031545741324921134,0
734,5995-WWKKG,0.04285714285714286,0
735,2987-BJXIK,0.031545741324921134,0
736,6340-DACFT,0.031545741324921134,0
737,2516-VQRRV,0.7035040431266847,1
738,3934-HXCFZ,0.4984520123839009,0
739,1839-UMACK,0.04285714285714286,0
740,7929-DMBCV,0.35135135135135137,0
741,2361-UPSND,0.1295843520782396,0
742,8879-ZKJOF,0.1295843520782396,0
743,2662-NNTDK,0.04285714285714286,0
744,2821-WARNZ,0.04285714285714286,0
745,2371-JQHZZ,0.4984520123839009,0
746,5575-TPIZQ,0.4984520123839009,0
747,8869-LIHMK,0.031545741324921134,0
748,5802-ADBRC,0.24242424242424243,0
749,7270-BDIOA,0.4984520123839009,0
750,2675-IJRGJ,0.031545741324921134,0
751,2045-BMBTJ,0.1295843520782396,0
752,3863-QSTYI,0.1295843520782396,0
753,3627-FCRDW,0.49411764705882355,0
754,7795-CFOCW,0.1295843520782396,0
755,9867-JCZSP,0.04285714285714286,0
756,7580-UGXNC,0.75,1
757,7845-URHJN,0.04285714285714286,0
758,1154-HYWWO,0.1295843520782396,0
759,8544-JNBOX,0.031545741324921134,0
760,0112-QWPNC,0.1295843520782396,0
761,1031-IIDEO,0.8854961832061069,1
762,7537-CBQUZ,0.24074074074074073,0
763,5515-AKOAJ,0.24074074074074073,0
764,3023-GFLBR,0.4984520123839009,0
765,8086-OVPWV,0.7035040431266847,1
766,7180-PISOG,0.8854961832061069,1
767,4376-KFVRS,0.031545741324921134,0
768,3120-FAZKD,0.031545741324921134,0
769,6121-VZNQB,0.35714285714285715,0
770,5144-PQCDZ,0.08333333333333333,0
771,6563-VRERX,0.04285714285714286,0
772,5766-ZJYBB,0.35714285714285715,0
773,2691-NZETQ,0.7035040431266847,1
774,8851-RAGOV,0.1295843520782396,0
775,4480-MBMLB,0.24242424242424243,0
776,7216-EWTRS,0.8854961832061069,1
777,4670-TABXH,0.031545741324921134,0
778,0709-TVGUR,0.7035040431266847,1
779,0236-HFWSV,0.7035040431266847,1
780,6653-CBBOM,0.8854961832061069,1
781,7811-JIVPF,0.1295843520782396,0
782,6838-YAUVY,0.031545741324921134,0
783,6976-BWGLQ,0.031545741324921134,0
784,1093-YSWCA,0.031545741324921134,0
785,7693-LCKZL,0.7035040431266847,1
786,3078-ZKNTS,0.031545741324921134,0
787,9068-VPWQQ,0.031545741324921134,0
788,9236-NDUCW,0.031545741324921134,0
789,2226-ICFDO,0.031545741324921134,0
790,8868-WOZGU,0.4984520123839009,0
791,3716-BDVDB,0.8854961832061069,1
792,6741-QRLUP,0.031545741324921134,0
793,9909-DFRJA,0.1295843520782396,0
794,9411-TPQQV,0.1295843520782396,0
795,7114-AEOZE,0.031545741324921134,0
796,9114-AAFQH,0.1295843520782396,0
797,3642-BYHDO,0.031545741324921134,0
798,5857-XRECV,0.35714285714285715,0
799,3733-ZEECP,0.1295843520782396,0
800,9805-FILKB,0.04285714285714286,0
801,8985-OOPOS,0.46564885496183206,0
802,5043-TRZWM,0.8854961832061069,1
803,5639-NTUPK,0.1295843520782396,0
804,0661-KBKPA,0.1295843520782396,0
805,0585-EGDDA,0.35135135135135137,0
806,2674-MIAHT,0.7035040431266847,1
807,4821-SJHJV,0.4984520123839009,0
808,9531-NSBMR,0.04285714285714286,0
809,8410-BGQXN,0.08333333333333333,0
810,2770-NSVDG,0.1295843520782396,0
811,3785-KTYSH,0.031545741324921134,0
812,1422-DGUBX,0.1295843520782396,0
813,6250-CGGUN,0.1295843520782396,0
814,2495-TTHBQ,0.08333333333333333,0
815,9624-EGDEQ,0.031545741324921134,0
816,7629-WFGLW,0.1295843520782396,0
817,1337-BOZWO,0.1295843520782396,0
818,4530-NDRKU,0.04285714285714286,0
819,9860-LISIZ,0.04285714285714286,0
820,3440-JPSCL,0.7035040431266847,1
821,2675-DHUTR,0.24074074074074073,0
822,8008-HAWED,0.1295843520782396,0
823,1766-GKNMI,0.4984520123839009,0
824,9638-JIQYA,0.46564885496183206,0
825,4282-ACRXS,0.04285714285714286,0
826,4065-JJAVA,0.46564885496183206,0
827,7253-UVNDW,0.031545741324921134,0
828,9863-JZAIC,0.1295843520782396,0
829,1565-RHDJD,0.7035040431266847,1
830,4890-VMUAV,0.1295843520782396,0
831,7952-OBOYL,0.7035040431266847,1
832,3536-IQCTX,0.4984520123839009,0
833,2642-MAWLJ,0.031545741324921134,0
834,4139-SUGLD,0.1295843520782396,0
835,8799-OXZMD,0.1295843520782396,0
836,5140-FOMCQ,0.24242424242424243,0
837,5968-XQIVE,0.1295843520782396,0
838,3724-BSCVH,0.04285714285714286,0
839,9089-UOWJG,0.1295843520782396,0
840,4423-YLHDV,0.4984520123839009,0
841,9586-JGQKH,0.031545741324921134,0
842,5160-UXJED,0.1295843520782396,0
843,1010-DIAUQ,0.7035040431266847,1
844,4716-HHKQH,0.4984520123839009,0
845,7421-ZLUPA,0.875,1
846,9137-NOQKA,0.35714285714285715,0
847,4057-FKCZK,0.031545741324921134,0
848,6719-OXYBR,0.7035040431266847,1
849,9418-RUKPH,0.031545741324921134,0
850,1508-DFXCU,0.7035040431266847,1
851,9360-AHGNL,0.24242424242424243,0
852,5590-BYNII,0.4984520123839009,0
853,9953-ZMKSM,0.031545741324921134,0
854,8107-RZLNV,0.031545741324921134,0
855,0581-BXBUB,0.49411764705882355,0
856,4903-UYAVB,0.08333333333333333,0
857,3537-HPKQT,0.24074074074074073,0
858,1396-QWFBJ,0.35135135135135137,0
859,0743-HRVFF,0.1295843520782396,0
860,5906-DVAPM,0.1295843520782396,0
861,6376-GAHQE,0.7035040431266847,1
862,2867-UIMSS,0.8854961832061069,1
863,0106-UGRDO,0.031545741324921134,0
864,4282-MSACW,0.24242424242424243,0
865,0942-KOWSM,0.031545741324921134,0
866,4690-LLKUA,0.1295843520782396,0
867,6689-TCZHQ,0.7035040431266847,1
868,9158-VCTQB,0.4984520123839009,0
869,7217-JYHOQ,0.1295843520782396,0
870,4822-RVYBB,0.7035040431266847,1
871,8466-PZBLH,0.031545741324921134,0
872,3154-HMWUU,0.031545741324921134,0
873,6857-TKDJV,0.031545741324921134,0
874,6298-QDFNH,0.4984520123839009,0
875,5219-YIPTK,0.4984520123839009,0
876,6749-UTDVX,0.031545741324921134,0
877,5338-YHWYT,0.031545741324921134,0
878,0318-QUUOB,0.8854961832061069,1
879,0895-DQHEW,0.24074074074074073,0
880,2097-YVPKN,0.031545741324921134,0
881,7868-BGSZA,0.1295843520782396,0
882,5726-CVNYA,0.031545741324921134,0
883,2402-TAIRZ,0.1295843520782396,0
884,2452-MRMZF,0.031545741324921134,0
885,4317-VTEOA,0.46564885496183206,0
886,9221-OTIVJ,0.4984520123839009,0
887,9372-TXXPS,0.031545741324921134,0
888,5569-IDSEY,0.24242424242424243,0
889,8327-WKMIE,0.04285714285714286,0
890,0980-PVMRC,0.1295843520782396,0
891,7548-SEPYI,0.7035040431266847,1
892,3460-TJBWI,0.031545741324921134,0
893,8559-CIZFV,0.1295843520782396,0
894,2937-FTHUR,0.1295843520782396,0
895,8104-OSKWT,0.7035040431266847,1
896,5624-BQSSA,0.46564885496183206,0
897,1080-BWSYE,0.031545741324921134,0
898,7647-GYYKX,0.031545741324921134,0
899,2360-RDGRO,0.24074074074074073,0
900,7672-VFMXZ,0.1295843520782396,0
901,7074-IEVOJ,0.7035040431266847,1
902,9399-APLBT,0.8854961832061069,1
903,0970-ETWGE,0.8854961832061069,1
904,5697-GOMBF,0.1295843520782396,0
905,7326-RIGQZ,0.49411764705882355,0
906,0870-VEMYL,0.46564885496183206,0
907,1614-JBEBI,0.04285714285714286,0
908,3892-NXAZG,0.031545741324921134,0
909,0851-DFJKB,0.1295843520782396,0
910,7622-FWGEW,0.031545741324921134,0
911,1679-JRFBR,0.24242424242424243,0
912,2984-TBYKU,0.031545741324921134,0
913,8174-TBVCF,0.031545741324921134,0
914,6686-YPGHK,0.35135135135135137,0
915,2832-SCUCO,0.08333333333333333,0
916,8938-UMKPI,0.4984520123839009,0
917,3976-NLDEZ,0.35714285714285715,0
918,6924-TDGMT,0.04285714285714286,0
919,3589-PPVKW,0.1295843520782396,0
920,1075-BGWOH,0.4984520123839009,0
921,9819-FBNSV,0.35135135135135137,0
922,7137-NAXML,0.04285714285714286,0
923,4024-CSNBY,0.031545741324921134,0
924,3926-YZVVX,0.1295843520782396,0
925,3961-SXAXY,0.46564885496183206,0
926,4676-MQUEA,0.24242424242424243,0
927,6435-SRWBJ,0.7035040431266847,1
928,1237-WIYYZ,0.04285714285714286,0
929,5433-KYGHE,0.7035040431266847,1
930,0135-NMXAP,0.7035040431266847,1
931,4931-TRZWN,0.1295843520782396,0
932,0248-PGHBZ,0.031545741324921134,0
933,3487-EARAT,0.1295843520782396,0
934,8780-IXSTS,0.7035040431266847,1
935,4881-GQJTW,0.04285714285714286,0
936,3249-ZPQRG,0.7035040431266847,1
937,8718-PTMEZ,0.1295843520782396,0
938,4659-NZRUF,0.4984520123839009,0
939,4526-EXKKN,0.031545741324921134,0
940,8981-FJGLA,0.7035040431266847,1
941,5730-DBDSI,0.031545741324921134,0
942,9820-RMCQV,0.1295843520782396,0
943,5016-IBERQ,0.4984520123839009,0
944,6946-LMSQS,0.1295843520782396,0
945,7416-CKTEP,0.031545741324921134,0
946,1725-MIMXW,0.35714285714285715,0
947,4106-HADHQ,0.1295843520782396,0
948,5071-FBJFS,0.46564885496183206,0
949,7394-FKDNK,0.7035040431266847,1
950,8573-CGOCC,0.04285714285714286,0
951,7673-BQGKU,0.031545741324921134,0
952,9073-ZZIAY,0.031545741324921134,0
953,1506-YJTYT,0.031545741324921134,0
954,7321-PKUYW,0.7035040431266847,1
955,1977-STDKI,0.8854961832061069,1
956,0191-EQUUH,0.031545741324921134,0
957,0595-ITUDF,0.24074074074074073,0
958,9548-LIGTA,0.031545741324921134,0
959,2900-PHPLN,0.031545741324921134,0
960,1090-ESELR,0.031545741324921134,0
961,5537-UXXVS,0.04285714285714286,0
962,3148-BLQJT,0.35714285714285715,0
963,8972-HJWNV,0.7035040431266847,1
964,3503-TYDAY,0.4984520123839009,0
965,2300-RQGOI,0.031545741324921134,0
966,3750-YHRYO,0.04285714285714286,0
967,2004-OCQXK,0.8854961832061069,1
968,7159-NOKYQ,0.031545741324921134,0
969,1379-FRVEB,0.7035040431266847,1
970,2982-IHMFT,0.8854961832061069,1
971,9541-PWTWO,0.031545741324921134,0
972,4378-BZYFP,0.04285714285714286,0
973,6668-CNMFP,0.1295843520782396,0
974,8388-DMKAE,0.031545741324921134,0
975,4709-LKHYG,0.04285714285714286,0
976,4495-LHSSK,0.1295843520782396,0
977,9637-CDTKZ,0.031545741324921134,0
978,8108-UXRQN,0.1295843520782396,0
979,1492-KGETH,0.1295843520782396,0
980,3617-XLSGQ,0.031545741324921134,0
981,0559-CKHUS,0.031545741324921134,0
982,2233-FAGXV,0.46564885496183206,0
983,5366-OBVMR,0.1295843520782396,0
984,0780-XNZFN,0.031545741324921134,0
985,3796-ENZGF,0.031545741324921134,0
986,1952-DVVSW,0.04285714285714286,0
987,5919-TMRGD,0.8854961832061069,1
988,3452-ABWRL,0.4984520123839009,0
989,6522-YRBXD,0.4984520123839009,0
990,2346-LOCWC,0.031545741324921134,0
991,3244-CQPHU,0.031545741324921134,0
992,6741-EGCBI,0.4984520123839009,0
993,3640-JQGJG,0.1295843520782396,0
994,4973-RLZVI,0.1295843520782396,0
995,3744-ZBHON,0.08333333333333333,0
996,4316-XCSLJ,0.1295843520782396,0
997,1568-BEKZM,0.031545741324921134,0
998,9208-OLGAQ,0.7035040431266847,1
999,7633-MVPUY,0.031545741324921134,0
1000,5917-RYRMG,0.04285714285714286,0
1001,4419-UJMUS,0.031545741324921134,0
1002,2239-CFOUJ,0.35714285714285715,0
1003,1635-HDGFT,0.031545741324921134,0
1004,1485-YDHMM,0.4984520123839009,0
1005,7817-BOQPW,0.7035040431266847,1
1006,8780-IHCRN,0.031545741324921134,0
1007,9389-ACWBI,0.49411764705882355,0
1008,1346-UFHAX,0.7035040431266847,1
1009,1215-EXRMO,0.031545741324921134,0
1010,4959-JOSRX,0.46564885496183206,0
1011,0376-OIWME,0.35135135135135137,0
1012,4277-UDIEF,0.1295843520782396,0
1013,2668-TZSPS,0.35714285714285715,0
1014,3898-BSJYF,0.1295843520782396,0
1015,8752-GHJFU,0.1295843520782396,0
1016,3407-QGWLG,0.08333333333333333,0
1017,1602-IJQQE,0.7035040431266847,1
1018,8614-VGMMV,0.1295843520782396,0
1019,0048-PIHNL,0.04285714285714286,0
1020,1866-NXPSP,0.1295843520782396,0
1021,8677-HDZEE,0.24074074074074073,0
1022,5076-YVXCM,0.4984520123839009,0
1023,8229-TNIQA,0.46564885496183206,0
1024,2599-CIPQE,0.031545741324921134,0
1025,4957-SREEC,0.031545741324921134,0
1026,6543-JXSOO,0.1295843520782396,0
1027,4208-UFFGW,0.75,1
1028,4667-QONEA,0.1295843520782396,0
1029,3791-LGQCY,0.24074074074074073,0
1030,0128-MKWSG,0.1295843520782396,0
1031,7078-NVFAM,0.1295843520782396,0
1032,2378-VTKDH,0.24074074074074073,0
1033,7407-SUJIZ,0.04285714285714286,0
1034,3137-LUPIX,0.46564885496183206,0
1035,8388-FYNPZ,0.46564885496183206,0
1036,6769-DYBQN,0.35135135135135137,0
1037,9800-OUIGR,0.031545741324921134,0
1038,0388-EOPEX,0.7035040431266847,1
1039,6557-BZXLQ,0.49411764705882355,0
1040,6133-OZILE,0.1295843520782396,0
1041,9565-AXSMR,0.031545741324921134,0
1042,3104-OWCGK,0.1295843520782396,0
1043,8672-OAUPW,0.1295843520782396,0
1044,1045-LTCYT,0.04285714285714286,0
1045,1897-RCFUM,0.04285714285714286,0
1046,9505-SQFSW,0.46564885496183206,0
1047,3410-MHHUM,0.1295843520782396,0
1048,6910-HADCM,0.8854961832061069,1
1049,0634-SZPQA,0.4984520123839009,0
1050,0117-LFRMW,0.1295843520782396,0
1051,3520-FJGCV,0.031545741324921134,0
1052,6732-FZUGP,0.1295843520782396,0
1053,7228-PAQPD,0.1295843520782396,0
1054,0369-ZGOVK,0.1295843520782396,0
1055,6195-MELTI,0.1295843520782396,0
1056,8414-MYSHR,0.7035040431266847,1
1057,5989-OMNJE,0.1295843520782396,0
1058,6508-NJYRO,0.04285714285714286,0
1059,9150-KPBJQ,0.031545741324921134,0
1060,6439-LAJXL,0.1295843520782396,0
1061,1934-SJVJK,0.35714285714285715,0
1062,1930-WNXSB,0.24074074074074073,0
1063,6323-AYBRX,0.031545741324921134,0
1064,7746-AWNQW,0.1295843520782396,0
1065,5125-CNDSP,0.1295843520782396,0
1066,7563-BIUPC,0.7035040431266847,1
1067,8630-QSGXK,0.031545741324921134,0
1068,8563-IIOXK,0.1295843520782396,0
1069,0409-WTMPL,0.24242424242424243,0
1070,1849-RJYIG,0.1295843520782396,0
1071,2057-ZBLPD,0.4984520123839009,0
1072,2884-GBPFB,0.35135135135135137,0
1073,2424-WVHPL,0.8854961832061069,1
1074,4439-JMPMT,0.7035040431266847,1
1075,2856-HYAPG,0.8854961832061069,1
1076,4054-CUMIA,0.04285714285714286,0
1077,1397-XKKWR,0.3157894736842105,0
1078,3930-ZGWVE,0.35714285714285715,0
1079,3258-SANFR,0.3157894736842105,0
1080,5760-FXFVO,0.7035040431266847,1
1081,8963-JLGJT,0.46564885496183206,0
1082,5533-RJFTJ,0.1295843520782396,0
1083,7621-VPNET,0.4984520123839009,0
1084,8311-UEUAB,0.031545741324921134,0
1085,5982-PSMKW,0.031545741324921134,0
1086,7921-LMDFQ,0.1295843520782396,0
1087,3097-NQYSN,0.7035040431266847,1
1088,3640-PHQXK,0.4984520123839009,0
1089,6527-PZFPV,0.04285714285714286,0
1090,1925-GMVBW,0.08333333333333333,0
1091,1084-UQCHV,0.8854961832061069,1
1092,7328-OWMOM,0.04285714285714286,0
1093,0930-EHUZA,0.1295843520782396,0
1094,3511-BFTJW,0.031545741324921134,0
1095,5424-RLQLC,0.1295843520782396,0
1096,2181-TIDSV,0.031545741324921134,0
1097,9314-IJWSQ,0.7035040431266847,1
1098,3262-EIDHV,0.031545741324921134,0
1099,1023-BQXZE,0.031545741324921134,0
1100,3339-EAQNV,0.1295843520782396,0
1101,0186-CAERR,0.24242424242424243,0
1102,3239-TPHPZ,0.031545741324921134,0
1103,3307-TLCUD,0.1295843520782396,0
1104,0818-OCPZO,0.4984520123839009,0
1105,8580-AECUZ,0.8854961832061069,1
1106,8735-NBLWT,0.04285714285714286,0
1107,4514-GFCFI,0.7035040431266847,1
1108,6772-KSATR,0.8854961832061069,1
1109,2474-LCNUE,0.1295843520782396,0
1110,7860-KSUGX,0.031545741324921134,0
1111,2739-CACDQ,0.7035040431266847,1
1112,8735-SDUFN,0.031545741324921134,0
1113,8679-JOEVF,0.1295843520782396,0
1114,2845-KDHVX,0.031545741324921134,0
1115,6519-ZHPXP,0.031545741324921134,0
1116,4422-QVIJA,0.1295843520782396,0
1117,6259-WJQLC,0.4984520123839009,0
1118,1710-RCXUS,0.1295843520782396,0
1119,5442-BXVND,0.04285714285714286,0
1120,9732-EQMWY,0.35135135135135137,0
1121,1047-NNCBF,0.35135135135135137,0
1122,3413-BMNZE,0.75,1
1123,8670-ERCJH,0.031545741324921134,0
1124,0556-FJEGU,0.031545741324921134,0
1125,7721-JXEAW,0.1295843520782396,0
1126,2259-OUUSZ,0.3157894736842105,0
1127,1139-WUOAH,0.031545741324921134,0
1128,8429-XIBUM,0.4984520123839009,0
1129,7153-CHRBV,0.1295843520782396,0
1130,7511-YMXVQ,0.1295843520782396,0
1131,3981-QSVQI,0.04285714285714286,0
1132,4853-RULSV,0.031545741324921134,0
1133,4939-KYYPY,0.1295843520782396,0
1134,2990-IAJSV,0.031545741324921134,0
1135,3134-DSHVC,0.031545741324921134,0
1136,9975-GPKZU,0.031545741324921134,0
1137,9128-CPXKI,0.031545741324921134,0
1138,5846-ABOBJ,0.031545741324921134,0
1139,2898-LSJGD,0.1295843520782396,0
1140,4377-VDHYI,0.1295843520782396,0
1141,6092-QZVPP,0.1295843520782396,0
1142,2868-MZAGQ,0.8854961832061069,1
1143,9600-UDOPK,0.4984520123839009,0
1144,2530-ENDWQ,0.031545741324921134,0
1145,2971-SGAFL,0.1295843520782396,0
1146,5039-LZRQT,0.04285714285714286,0
1147,9027-YFHQJ,0.04285714285714286,0
1148,7067-KSAZT,0.24242424242424243,0
1149,4443-EMBNA,0.031545741324921134,0
1150,7353-YOWFP,0.04285714285714286,0
1151,3662-FXJFO,0.031545741324921134,0
1152,9067-YGSCA,0.04285714285714286,0
1153,8468-FZTOE,0.031545741324921134,0
1154,8887-IPQNC,0.3157894736842105,0
1155,9507-HSMMZ,0.031545741324921134,0
1156,9866-QEVEE,0.4984520123839009,0
1157,3452-SRFEG,0.4984520123839009,0
1158,6715-OFDBP,0.46564885496183206,0
1159,3370-GQEAL,0.4984520123839009,0
1160,0295-QVKPB,0.46564885496183206,0
1161,7148-XZPHA,0.24074074074074073,0
1162,9170-ARBTB,0.04285714285714286,0
1163,5840-NVDCG,0.031545741324921134,0
1164,0550-DCXLH,0.1295843520782396,0
1165,5688-KZTSN,0.04285714285714286,0
1166,0207-MDKNV,0.35135135135135137,0
1167,6072-NUQCB,0.04285714285714286,0
1168,0068-FIGTF,0.1295843520782396,0
1169,2984-RGEYA,0.031545741324921134,0
1170,0804-XBFBV,0.04285714285714286,0
1171,9465-RWMXL,0.4984520123839009,0
1172,1099-BTKWT,0.1295843520782396,0
1173,5649-RXQTV,0.35135135135135137,0
1174,6507-ZJSUR,0.35135135135135137,0
1175,4123-DVHPH,0.7035040431266847,1
1176,6701-DHKWQ,0.031545741324921134,0
1177,8807-ARQET,0.1295843520782396,0
1178,4412-YLTKF,0.4984520123839009,0
1179,5233-GEEAX,0.875,1
1180,1697-LYYYX,0.04285714285714286,0
1181,1142-WACZW,0.46564885496183206,0
1182,8220-OCUFY,0.1295843520782396,0
1183,8015-IHCGW,0.031545741324921134,0
1184,4782-OSFXZ,0.031545741324921134,0
1185,1769-GRUIK,0.49411764705882355,0
1186,9822-WMWVG,0.4984520123839009,0
1187,8992-JQYUN,0.46564885496183206,0
1188,7693-QPEFS,0.4984520123839009,0
1189,2277-VWCNI,0.75,1
1190,4312-KFRXN,0.031545741324921134,0
1191,7623-HKYRK,0.04285714285714286,0
1192,0991-BRRFB,0.1295843520782396,0
1193,3908-BLSYF,0.7035040431266847,1
1194,0947-IDHRQ,0.7035040431266847,1
1195,6586-PSJOX,0.1295843520782396,0
1196,4872-JCVCA,0.031545741324921134,0
1197,0224-HJAPT,0.46564885496183206,0
1198,3951-NJCVI,0.4984520123839009,0
1199,6549-NNDYT,0.1295843520782396,0
1200,4891-NLUBA,0.031545741324921134,0
1201,0899-WZRSD,0.24074074074074073,0
1202,6865-JZNKO,0.1295843520782396,0
1203,1976-CFOCS,0.75,1
1204,5876-HZVZM,0.1295843520782396,0
1205,3466-WAESX,0.1295843520782396,0
1206,1015-JPFYW,0.04285714285714286,0
1207,8639-NHQEI,0.031545741324921134,0
1208,2927-QRRQV,0.1295843520782396,0
1209,2637-FKFSY,0.46564885496183206,0
1210,9938-ZREHM,0.1295843520782396,0
1211,2868-LLSKM,0.1295843520782396,0
1212,0804-YGEQV,0.04285714285714286,0
1213,1571-SAVHK,0.7035040431266847,1
1214,0027-KWYKW,0.4984520123839009,0
1215,5146-CBVOE,0.7035040431266847,1
1216,6651-RLGGM,0.031545741324921134,0
1217,4465-VDKIQ,0.7035040431266847,1
1218,6339-YPSAH,0.49411764705882355,0
1219,0867-MKZVY,0.4984520123839009,0
1220,9821-BESNZ,0.24242424242424243,0
1221,6427-FEFIG,0.031545741324921134,0
1222,4476-OSWTN,0.24242424242424243,0
1223,5127-BZENZ,0.1295843520782396,0
1224,9972-NKTFD,0.1295843520782396,0
1225,8859-DZTGQ,0.031545741324921134,0
1226,4115-UMJFQ,0.1295843520782396,0
1227,6108-OQZDQ,0.7035040431266847,1
1228,3173-WSSUE,0.031545741324921134,0
1229,9985-MWVIX,0.8854961832061069,1
1230,6546-OPBBH,0.04285714285714286,0
1231,1555-HAPSU,0.031545741324921134,0
1232,2514-GINMM,0.8854961832061069,1
1233,4446-BZKHU,0.24074074074074073,0
1234,5419-CONWX,0.7035040431266847,1
1235,9611-CTWIH,0.7035040431266847,1
1236,2202-CUYXZ,0.8854961832061069,1
1237,5204-QZXPU,0.1295843520782396,0
1238,3717-OFRTN,0.35714285714285715,0
1239,7929-SKFGK,0.031545741324921134,0
1240,4763-PGDPO,0.49411764705882355,0
1241,6158-HDPXZ,0.46564885496183206,0
1242,8356-WUAOJ,0.46564885496183206,0
1243,5884-GCYMI,0.8854961832061069,1
1244,9142-KZXOP,0.35135135135135137,0
1245,1016-DJTSV,0.49411764705882355,0
1246,9817-APLHW,0.04285714285714286,0
1247,9185-TQCVP,0.7035040431266847,1
1248,3745-HRPHI,0.031545741324921134,0
1249,3836-FZSDJ,0.031545741324921134,0
1250,3638-DIMPH,0.1295843520782396,0
1251,7876-AEHIG,0.1295843520782396,0
1252,0929-PECLO,0.24074074074074073,0
1253,9945-PSVIP,0.031545741324921134,0
1254,7609-NRNCA,0.04285714285714286,0
1255,6215-NQCPY,0.4984520123839009,0
1256,1767-CJKBA,0.031545741324921134,0
1257,2604-XVDAM,0.1295843520782396,0
1258,5334-AFQJB,0.031545741324921134,0
1259,8495-PRWFH,0.1295843520782396,0
1260,0308-GIQJT,0.24242424242424243,0
1261,5348-CAGXB,0.7035040431266847,1
1262,5174-ITUMV,0.24242424242424243,0
1263,1395-OFUWC,0.1295843520782396,0
1264,4441-NIHPT,0.7035040431266847,1
1265,7021-XSNYE,0.031545741324921134,0
1266,3276-HDUEG,0.8854961832061069,1
1267,6784-XYJAE,0.1295843520782396,0
1268,1121-QSIVB,0.1295843520782396,0
1269,0943-ZQPXH,0.35135135135135137,0
1270,8165-ZJRNM,0.031545741324921134,0
1271,4378-MYPGO,0.031545741324921134,0
1272,0880-FVFWF,0.24074074074074073,0
1273,1217-VASWC,0.24242424242424243,0
1274,5766-XQXMQ,0.1295843520782396,0
1275,0774-RMNUW,0.031545741324921134,0
1276,5519-NPHVG,0.7035040431266847,1
1277,3224-DFQNQ,0.1295843520782396,0
1278,1752-OZXFY,0.1295843520782396,0
1279,3672-YITQD,0.4984520123839009,0
1280,7839-NUIAA,0.1295843520782396,0
1281,7919-ZODZZ,0.1295843520782396,0
1282,4830-FAXFM,0.04285714285714286,0
1283,2211-RMNHO,0.031545741324921134,0
1284,3359-DSRKA,0.031545741324921134,0
1285,4634-JLRJT,0.35714285714285715,0
1286,7009-PCARS,0.04285714285714286,0
1287,4883-QICIH,0.35135135135135137,0
1288,9681-OXGVC,0.7035040431266847,1
1289,0909-SDHNU,0.3157894736842105,0
1290,2809-ILCYT,0.04285714285714286,0
1291,7010-ZMVBF,0.04285714285714286,0
1292,9467-ROOLM,0.04285714285714286,0
1293,9796-MVYXX,0.031545741324921134,0
1294,0067-DKWBL,0.75,1
1295,9101-NTIXF,0.08333333333333333,0
1296,4360-PNRQB,0.7035040431266847,1
1297,6518-LGAOV,0.4984520123839009,0
1298,6114-TCFID,0.1295843520782396,0
1299,9388-ZEYVT,0.1295843520782396,0
1300,4011-ARPHK,0.1295843520782396,0
1301,5141-ZUVBH,0.7035040431266847,1
1302,3696-DFHHB,0.031545741324921134,0
1303,9881-VCZEP,0.1295843520782396,0
1304,3669-WHAFY,0.031545741324921134,0
1305,3996-ZNWYK,0.031545741324921134,0
1306,4718-DHSMV,0.1295843520782396,0
1307,1406-PUQVY,0.46564885496183206,0
1308,5813-UECBU,0.4984520123839009,0
1309,7503-ZGUZJ,0.8854961832061069,1
1310,9018-PCIOK,0.031545741324921134,0
1311,4806-DXQCE,0.031545741324921134,0
1312,2235-ZGKPT,0.46564885496183206,0
1313,1813-JLKWR,0.04285714285714286,0
1314,0921-OHLVP,0.4984520123839009,0
1315,8819-WFGGJ,0.031545741324921134,0
1316,2446-BEGGB,0.7035040431266847,1
1317,3795-GWTRD,0.031545741324921134,0
1318,6231-WFGFH,0.08333333333333333,0
1319,7594-RQHXR,0.8854961832061069,1
1320,7950-XWOVN,0.1295843520782396,0
1321,7480-SPLEF,0.031545741324921134,0
1322,6905-NIQIN,0.46564885496183206,0
1323,3058-WQDRE,0.04285714285714286,0
1324,5311-IHLEI,0.1295843520782396,0
1325,6723-WSNTY,0.24242424242424243,0
1326,7251-XFOIL,0.24074074074074073,0
1327,3280-MRDOF,0.031545741324921134,0
1328,7246-ZGQDF,0.46564885496183206,0
1329,6582-PLFUU,0.031545741324921134,0
1330,0219-YTZUE,0.7035040431266847,1
1331,2826-DXLQO,0.3157894736842105,0
1332,0895-LNKRC,0.04285714285714286,0
1333,0390-DCFDQ,0.8854961832061069,1
1334,1357-MVDOZ,0.1295843520782396,0
1335,9054-FOWNV,0.4984520123839009,0
1336,0810-BDHAW,0.1295843520782396,0
1337,3269-ATYWD,0.4984520123839009,0
1338,6664-FPDAC,0.24242424242424243,0
1339,1996-DBMUS,0.35135135135135137,0
1340,8207-VVMYB,0.031545741324921134,0
1341,8295-KMENE,0.031545741324921134,0
1342,1455-UGQVH,0.7035040431266847,1
1343,7734-DBOAI,0.46564885496183206,0
1344,7729-XBTWX,0.031545741324921134,0
1345,7716-YTYHG,0.1295843520782396,0
1346,0265-EDXBD,0.4984520123839009,0
1347,4983-CLMLV,0.4984520123839009,0
1348,1205-WNWPJ,0.1295843520782396,0
1349,6005-OBZPH,0.4984520123839009,0
1350,7855-DIWPO,0.35135135135135137,0
1351,2180-DXNEG,0.7035040431266847,1
1352,7928-VJYAB,0.7035040431266847,1
1353,1626-ERCMM,0.4984520123839009,0
1354,2688-BHGOG,0.7035040431266847,1
1355,1098-TDVUQ,0.35714285714285715,0
1356,0013-MHZWF,0.1295843520782396,0
1357,8016-ZMGMO,0.1295843520782396,0
1358,8109-YUOHE,0.1295843520782396,0
1359,3398-FSHON,0.7035040431266847,1
1360,1580-BMCMR,0.35135135135135137,0
1361,5842-POCOP,0.7035040431266847,1
1362,3209-ZPKFI,0.1295843520782396,0
1363,7055-JCGNI,0.031545741324921134,0
1364,4183-WCSEP,0.35135135135135137,0
1365,8003-EWNDZ,0.04285714285714286,0
1366,9701-CDXHR,0.35135135135135137,0
1367,2428-HYUNX,0.031545741324921134,0
1368,3199-XGZCY,0.7035040431266847,1
1369,5649-TJHOV,0.1295843520782396,0
1370,8046-DNVTL,0.031545741324921134,0
1371,6695-FRVEC,0.031545741324921134,0
1372,3957-LXOLK,0.4984520123839009,0
1373,4730-AWNAU,0.1295843520782396,0
1374,6994-FGRHH,0.24242424242424243,0
1375,6352-TWCAU,0.4984520123839009,0
1376,8654-DHAOW,0.46564885496183206,0
1377,5386-THSLQ,0.1295843520782396,0
1378,7924-GJZFI,0.35135135135135137,0
1379,1459-QNFQT,0.031545741324921134,0
1380,0074-HDKDG,0.1295843520782396,0
1381,4795-UXVCJ,0.04285714285714286,0
1382,7890-VYYWG,0.75,1
1383,5275-PMFUT,0.031545741324921134,0
1384,3158-MOERK,0.7035040431266847,1
1385,0289-IVARM,0.1295843520782396,0
1386,5215-LNLDJ,0.04285714285714286,0
1387,9361-YNQWJ,0.04285714285714286,0
1388,8232-CTLKO,0.031545741324921134,0
1389,9747-DDZOS,0.8854961832061069,1
1390,1513-XNPPH,0.7035040431266847,1
1391,2272-JKMSI,0.24242424242424243,0
1392,5995-LFTLE,0.031545741324921134,0
1393,8292-TYSPY,0.1295843520782396,0
1394,0670-KDOMA,0.35714285714285715,0
1395,6674-KVJHG,0.04285714285714286,0
1396,2753-JMMCV,0.031545741324921134,0
1397,2851-MMUTZ,0.1295843520782396,0
1398,4697-LUPSU,0.35714285714285715,0
1399,7663-RGWBC,0.46564885496183206,0
1400,6705-LXORM,0.49411764705882355,0
1401,9752-ZNQUT,0.46564885496183206,0
1402,0877-SDMBN,0.24242424242424243,0
1403,5555-RNPGT,0.04285714285714286,0
1404,4628-CTTLA,0.1295843520782396,0
1405,0516-QREYC,0.04285714285714286,0
1406,5198-HQAEN,0.1295843520782396,0
